Num?ro de commande,Code agence,Statut,Classification,HRBP,Date extraction,Nom fichier source
000054,LV2-LV2,N2 - Niveau 2 (4B +),04B - 225,Gabrielle Humbert,2025-07-17T12:11:09.003Z,Boehringer_2025-07-17_13-39-51_Fwd__PIXID___Commande___Boehringer_Ingelheim_3301__198182f3bcae9a43.html
000646,LV2-LV2,N1 - Niveau 1 (2A / 4A),03B - 195 Equipe,Houria Gherras,2025-07-17T12:11:10.453Z,Boehringer_2025-07-17_13-40-53_Fwd__PIXID___Commande___Boehringer_Ingelheim_3301__19818302894393ee.html
000054,LV2-LV2,N2 - Niveau 2 (4B +),04B - 225,Gabrielle Humbert,2025-07-17T12:11:12.053Z,Boehringer_2025-07-17_13-39-51_Fwd__PIXID___Commande___Boehringer_Ingelheim_3301__198182f3bcae9a43.html
000646,LV2-LV2,N1 - Niveau 1 (2A / 4A),03B - 195 Equipe,Houria Gherras,2025-07-17T12:11:13.480Z,Boehringer_2025-07-17_13-40-53_Fwd__PIXID___Commande___Boehringer_Ingelheim_3301__19818302894393ee.html
000646,LV2-LV2,N1 - Niveau 1 (2A / 4A),03B - 195 Equipe,Houria Gherras,2025-07-17T12:11:17.955Z,Boehringer_2025-07-17_13-40-53_Fwd__PIXID___Commande___Boehringer_Ingelheim_3301__19818302894393ee.html
000054,LV2-LV2,N2 - Niveau 2 (4B +),04B - 225,Gabrielle Humbert,2025-07-17T12:11:19.401Z,Boehringer_2025-07-17_13-39-51_Fwd__PIXID___Commande___Boehringer_Ingelheim_3301__198182f3bcae9a43.html
000646,LV2-LV2,N1 - Niveau 1 (2A / 4A),03B - 195 Equipe,Houria Gherras,2025-07-17T12:11:20.951Z,Boehringer_2025-07-17_13-40-53_Fwd__PIXID___Commande___Boehringer_Ingelheim_3301__19818302894393ee.html
000646,LV2-LV2,N1 - Niveau 1 (2A / 4A),03B - 195 Equipe,Houria Gherras,2025-07-17T12:11:22.409Z,Boehringer_2025-07-17_13-40-53_Fwd__PIXID___Commande___Boehringer_Ingelheim_3301__19818302894393ee.html
000054,LV2-LV2,N2 - Niveau 2 (4B +),04B - 225,Gabrielle Humbert,2025-07-17T12:11:23.861Z,Boehringer_2025-07-17_13-39-51_Fwd__PIXID___Commande___Boehringer_Ingelheim_3301__198182f3bcae9a43.html
000054,LV2-LV2,N2 - Niveau 2 (4B +),04B - 225,Gabrielle Humbert,2025-07-17T12:27:33.978Z,Boehringer_2025-07-17_13-39-51_Fwd__PIXID___Commande___Boehringer_Ingelheim_3301__198182f3bcae9a43.html
000646,LV2-LV2,N1 - Niveau 1 (2A / 4A),03B - 195 Equipe,Houria Gherras,2025-07-17T12:27:36.650Z,Boehringer_2025-07-17_13-40-53_Fwd__PIXID___Commande___Boehringer_Ingelheim_3301__19818302894393ee.html
000054,LV2-LV2,N2 - Niveau 2 (4B +),04B - 225,Gabrielle Humbert,2025-07-17T12:42:31.335Z,Boehringer_2025-07-17_13-39-51_Fwd__PIXID___Commande___Boehringer_Ingelheim_3301__198182f3bcae9a43.html
000646,LV2-LV2,N1 - Niveau 1 (2A / 4A),03B - 195 Equipe,Houria Gherras,2025-07-17T12:42:32.853Z,Boehringer_2025-07-17_13-40-53_Fwd__PIXID___Commande___Boehringer_Ingelheim_3301__19818302894393ee.html
000054,LV2-LV2,N2 - Niveau 2 (4B +),04B - 225,Gabrielle Humbert,2025-07-17T12:57:30.639Z,Boehringer_2025-07-17_13-39-51_Fwd__PIXID___Commande___Boehringer_Ingelheim_3301__198182f3bcae9a43.html
000646,LV2-LV2,N1 - Niveau 1 (2A / 4A),03B - 195 Equipe,Houria Gherras,2025-07-17T12:57:32.256Z,Boehringer_2025-07-17_13-40-53_Fwd__PIXID___Commande___Boehringer_Ingelheim_3301__19818302894393ee.html
000054,LV2-LV2,N2 - Niveau 2 (4B +),04B - 225,Gabrielle Humbert,2025-07-17T13:12:28.648Z,Boehringer_2025-07-17_13-39-51_Fwd__PIXID___Commande___Boehringer_Ingelheim_3301__198182f3bcae9a43.html
000646,LV2-LV2,N1 - Niveau 1 (2A / 4A),03B - 195 Equipe,Houria Gherras,2025-07-17T13:12:29.909Z,Boehringer_2025-07-17_13-40-53_Fwd__PIXID___Commande___Boehringer_Ingelheim_3301__19818302894393ee.html
000054,LV2-LV2,N2 - Niveau 2 (4B +),04B - 225,Gabrielle Humbert,2025-07-17T13:27:29.212Z,Boehringer_2025-07-17_13-39-51_Fwd__PIXID___Commande___Boehringer_Ingelheim_3301__198182f3bcae9a43.html
000646,LV2-LV2,N1 - Niveau 1 (2A / 4A),03B - 195 Equipe,Houria Gherras,2025-07-17T13:27:31.121Z,Boehringer_2025-07-17_13-40-53_Fwd__PIXID___Commande___Boehringer_Ingelheim_3301__19818302894393ee.html
000054,LV2-LV2,N2 - Niveau 2 (4B +),04B - 225,Gabrielle Humbert,2025-07-17T13:42:30.368Z,Boehringer_2025-07-17_13-39-51_Fwd__PIXID___Commande___Boehringer_Ingelheim_3301__198182f3bcae9a43.html
000646,LV2-LV2,N1 - Niveau 1 (2A / 4A),03B - 195 Equipe,Houria Gherras,2025-07-17T13:42:32.045Z,Boehringer_2025-07-17_13-40-53_Fwd__PIXID___Commande___Boehringer_Ingelheim_3301__19818302894393ee.html
000054,LV2-LV2,N2 - Niveau 2 (4B +),04B - 225,Gabrielle Humbert,2025-07-17T13:57:29.109Z,Boehringer_2025-07-17_13-39-51_Fwd__PIXID___Commande___Boehringer_Ingelheim_3301__198182f3bcae9a43.html
000646,LV2-LV2,N1 - Niveau 1 (2A / 4A),03B - 195 Equipe,Houria Gherras,2025-07-17T13:57:31.036Z,Boehringer_2025-07-17_13-40-53_Fwd__PIXID___Commande___Boehringer_Ingelheim_3301__19818302894393ee.html
000054,LV2-LV2,N2 - Niveau 2 (4B +),04B - 225,Gabrielle Humbert,2025-07-17T14:12:29.256Z,Boehringer_2025-07-17_13-39-51_Fwd__PIXID___Commande___Boehringer_Ingelheim_3301__198182f3bcae9a43.html
000646,LV2-LV2,N1 - Niveau 1 (2A / 4A),03B - 195 Equipe,Houria Gherras,2025-07-17T14:12:34.167Z,Boehringer_2025-07-17_13-40-53_Fwd__PIXID___Commande___Boehringer_Ingelheim_3301__19818302894393ee.html
000054,LV2-LV2,N2 - Niveau 2 (4B +),04B - 225,Gabrielle Humbert,2025-07-17T14:27:30.922Z,Boehringer_2025-07-17_13-39-51_Fwd__PIXID___Commande___Boehringer_Ingelheim_3301__198182f3bcae9a43.html
000646,LV2-LV2,N1 - Niveau 1 (2A / 4A),03B - 195 Equipe,Houria Gherras,2025-07-17T14:27:32.347Z,Boehringer_2025-07-17_13-40-53_Fwd__PIXID___Commande___Boehringer_Ingelheim_3301__19818302894393ee.html
000054,LV2-LV2,N2 - Niveau 2 (4B +),04B - 225,Gabrielle Humbert,2025-07-17T14:42:29.402Z,Boehringer_2025-07-17_13-39-51_Fwd__PIXID___Commande___Boehringer_Ingelheim_3301__198182f3bcae9a43.html
000646,LV2-LV2,N1 - Niveau 1 (2A / 4A),03B - 195 Equipe,Houria Gherras,2025-07-17T14:42:31.033Z,Boehringer_2025-07-17_13-40-53_Fwd__PIXID___Commande___Boehringer_Ingelheim_3301__19818302894393ee.html
000054,LV2-LV2,N2 - Niveau 2 (4B +),04B - 225,Gabrielle Humbert,2025-07-17T14:57:30.517Z,Boehringer_2025-07-17_13-39-51_Fwd__PIXID___Commande___Boehringer_Ingelheim_3301__198182f3bcae9a43.html
000646,LV2-LV2,N1 - Niveau 1 (2A / 4A),03B - 195 Equipe,Houria Gherras,2025-07-17T14:57:31.952Z,Boehringer_2025-07-17_13-40-53_Fwd__PIXID___Commande___Boehringer_Ingelheim_3301__19818302894393ee.html
000054,LV2-LV2,N2 - Niveau 2 (4B +),04B - 225,Gabrielle Humbert,2025-07-17T15:12:32.601Z,Boehringer_2025-07-17_13-39-51_Fwd__PIXID___Commande___Boehringer_Ingelheim_3301__198182f3bcae9a43.html
000646,LV2-LV2,N1 - Niveau 1 (2A / 4A),03B - 195 Equipe,Houria Gherras,2025-07-17T15:12:34.757Z,Boehringer_2025-07-17_13-40-53_Fwd__PIXID___Commande___Boehringer_Ingelheim_3301__19818302894393ee.html
000054,LV2-LV2,N2 - Niveau 2 (4B +),04B - 225,Gabrielle Humbert,2025-07-17T15:27:28.706Z,Boehringer_2025-07-17_13-39-51_Fwd__PIXID___Commande___Boehringer_Ingelheim_3301__198182f3bcae9a43.html
000646,LV2-LV2,N1 - Niveau 1 (2A / 4A),03B - 195 Equipe,Houria Gherras,2025-07-17T15:27:30.428Z,Boehringer_2025-07-17_13-40-53_Fwd__PIXID___Commande___Boehringer_Ingelheim_3301__19818302894393ee.html
000054,LV2-LV2,N2 - Niveau 2 (4B +),04B - 225,Gabrielle Humbert,2025-07-17T15:42:29.688Z,Boehringer_2025-07-17_13-39-51_Fwd__PIXID___Commande___Boehringer_Ingelheim_3301__198182f3bcae9a43.html
000646,LV2-LV2,N1 - Niveau 1 (2A / 4A),03B - 195 Equipe,Houria Gherras,2025-07-17T15:42:31.266Z,Boehringer_2025-07-17_13-40-53_Fwd__PIXID___Commande___Boehringer_Ingelheim_3301__19818302894393ee.html
000653,LV2-LV2,N1 - Niveau 1 (2A / 4A),03B - 195 Equipe,Houria Gherras,2025-07-17T15:42:33.785Z,Boehringer_2025-07-17_17-12-09_PIXID____Commande___Boehringer_Ingelheim_3301___Sa_19818ff14f0f2c45.html
000054,LV2-LV2,N2 - Niveau 2 (4B +),04B - 225,Gabrielle Humbert,2025-07-17T15:57:30.088Z,Boehringer_2025-07-17_13-39-51_Fwd__PIXID___Commande___Boehringer_Ingelheim_3301__198182f3bcae9a43.html
000646,LV2-LV2,N1 - Niveau 1 (2A / 4A),03B - 195 Equipe,Houria Gherras,2025-07-17T15:57:31.759Z,Boehringer_2025-07-17_13-40-53_Fwd__PIXID___Commande___Boehringer_Ingelheim_3301__19818302894393ee.html
000653,LV2-LV2,N1 - Niveau 1 (2A / 4A),03B - 195 Equipe,Houria Gherras,2025-07-17T15:57:33.089Z,Boehringer_2025-07-17_17-12-09_PIXID____Commande___Boehringer_Ingelheim_3301___Sa_19818ff14f0f2c45.html
000054,LV2-LV2,N2 - Niveau 2 (4B +),04B - 225,Gabrielle Humbert,2025-07-17T16:12:29.731Z,Boehringer_2025-07-17_13-39-51_Fwd__PIXID___Commande___Boehringer_Ingelheim_3301__198182f3bcae9a43.html
000646,LV2-LV2,N1 - Niveau 1 (2A / 4A),03B - 195 Equipe,Houria Gherras,2025-07-17T16:12:31.401Z,Boehringer_2025-07-17_13-40-53_Fwd__PIXID___Commande___Boehringer_Ingelheim_3301__19818302894393ee.html
000653,LV2-LV2,N1 - Niveau 1 (2A / 4A),03B - 195 Equipe,Houria Gherras,2025-07-17T16:12:33.317Z,Boehringer_2025-07-17_17-12-09_PIXID____Commande___Boehringer_Ingelheim_3301___Sa_19818ff14f0f2c45.html
000054,LV2-LV2,N2 - Niveau 2 (4B +),04B - 225,Gabrielle Humbert,2025-07-17T16:27:29.915Z,Boehringer_2025-07-17_13-39-51_Fwd__PIXID___Commande___Boehringer_Ingelheim_3301__198182f3bcae9a43.html
000646,LV2-LV2,N1 - Niveau 1 (2A / 4A),03B - 195 Equipe,Houria Gherras,2025-07-17T16:27:31.417Z,Boehringer_2025-07-17_13-40-53_Fwd__PIXID___Commande___Boehringer_Ingelheim_3301__19818302894393ee.html
000653,LV2-LV2,N1 - Niveau 1 (2A / 4A),03B - 195 Equipe,Houria Gherras,2025-07-17T16:27:32.988Z,Boehringer_2025-07-17_17-12-09_PIXID____Commande___Boehringer_Ingelheim_3301___Sa_19818ff14f0f2c45.html
000054,LV2-LV2,N2 - Niveau 2 (4B +),04B - 225,Gabrielle Humbert,2025-07-17T16:42:31.179Z,Boehringer_2025-07-17_13-39-51_Fwd__PIXID___Commande___Boehringer_Ingelheim_3301__198182f3bcae9a43.html
000646,LV2-LV2,N1 - Niveau 1 (2A / 4A),03B - 195 Equipe,Houria Gherras,2025-07-17T16:42:32.791Z,Boehringer_2025-07-17_13-40-53_Fwd__PIXID___Commande___Boehringer_Ingelheim_3301__19818302894393ee.html
000653,LV2-LV2,N1 - Niveau 1 (2A / 4A),03B - 195 Equipe,Houria Gherras,2025-07-17T16:42:34.683Z,Boehringer_2025-07-17_17-12-09_PIXID____Commande___Boehringer_Ingelheim_3301___Sa_19818ff14f0f2c45.html
000054,LV2-LV2,N2 - Niveau 2 (4B +),04B - 225,Gabrielle Humbert,2025-07-17T16:57:30.429Z,Boehringer_2025-07-17_13-39-51_Fwd__PIXID___Commande___Boehringer_Ingelheim_3301__198182f3bcae9a43.html
000646,LV2-LV2,N1 - Niveau 1 (2A / 4A),03B - 195 Equipe,Houria Gherras,2025-07-17T16:57:32.213Z,Boehringer_2025-07-17_13-40-53_Fwd__PIXID___Commande___Boehringer_Ingelheim_3301__19818302894393ee.html
000653,LV2-LV2,N1 - Niveau 1 (2A / 4A),03B - 195 Equipe,Houria Gherras,2025-07-17T16:57:34.011Z,Boehringer_2025-07-17_17-12-09_PIXID____Commande___Boehringer_Ingelheim_3301___Sa_19818ff14f0f2c45.html
000054,LV2-LV2,N2 - Niveau 2 (4B +),04B - 225,Gabrielle Humbert,2025-07-17T17:12:28.818Z,Boehringer_2025-07-17_13-39-51_Fwd__PIXID___Commande___Boehringer_Ingelheim_3301__198182f3bcae9a43.html
000646,LV2-LV2,N1 - Niveau 1 (2A / 4A),03B - 195 Equipe,Houria Gherras,2025-07-17T17:12:31.056Z,Boehringer_2025-07-17_13-40-53_Fwd__PIXID___Commande___Boehringer_Ingelheim_3301__19818302894393ee.html
000653,LV2-LV2,N1 - Niveau 1 (2A / 4A),03B - 195 Equipe,Houria Gherras,2025-07-17T17:12:32.515Z,Boehringer_2025-07-17_17-12-09_PIXID____Commande___Boehringer_Ingelheim_3301___Sa_19818ff14f0f2c45.html
000054,LV2-LV2,N2 - Niveau 2 (4B +),04B - 225,Gabrielle Humbert,2025-07-17T17:27:31.045Z,Boehringer_2025-07-17_13-39-51_Fwd__PIXID___Commande___Boehringer_Ingelheim_3301__198182f3bcae9a43.html
000646,LV2-LV2,N1 - Niveau 1 (2A / 4A),03B - 195 Equipe,Houria Gherras,2025-07-17T17:27:32.882Z,Boehringer_2025-07-17_13-40-53_Fwd__PIXID___Commande___Boehringer_Ingelheim_3301__19818302894393ee.html
000653,LV2-LV2,N1 - Niveau 1 (2A / 4A),03B - 195 Equipe,Houria Gherras,2025-07-17T17:27:34.260Z,Boehringer_2025-07-17_17-12-09_PIXID____Commande___Boehringer_Ingelheim_3301___Sa_19818ff14f0f2c45.html
000054,LV2-LV2,N2 - Niveau 2 (4B +),04B - 225,Gabrielle Humbert,2025-07-17T17:42:29.482Z,Boehringer_2025-07-17_13-39-51_Fwd__PIXID___Commande___Boehringer_Ingelheim_3301__198182f3bcae9a43.html
000646,LV2-LV2,N1 - Niveau 1 (2A / 4A),03B - 195 Equipe,Houria Gherras,2025-07-17T17:42:31.058Z,Boehringer_2025-07-17_13-40-53_Fwd__PIXID___Commande___Boehringer_Ingelheim_3301__19818302894393ee.html
000653,LV2-LV2,N1 - Niveau 1 (2A / 4A),03B - 195 Equipe,Houria Gherras,2025-07-17T17:42:32.382Z,Boehringer_2025-07-17_17-12-09_PIXID____Commande___Boehringer_Ingelheim_3301___Sa_19818ff14f0f2c45.html
000054,LV2-LV2,N2 - Niveau 2 (4B +),04B - 225,Gabrielle Humbert,2025-07-17T17:57:28.689Z,Boehringer_2025-07-17_13-39-51_Fwd__PIXID___Commande___Boehringer_Ingelheim_3301__198182f3bcae9a43.html
000646,LV2-LV2,N1 - Niveau 1 (2A / 4A),03B - 195 Equipe,Houria Gherras,2025-07-17T17:57:30.273Z,Boehringer_2025-07-17_13-40-53_Fwd__PIXID___Commande___Boehringer_Ingelheim_3301__19818302894393ee.html
000653,LV2-LV2,N1 - Niveau 1 (2A / 4A),03B - 195 Equipe,Houria Gherras,2025-07-17T17:57:31.839Z,Boehringer_2025-07-17_17-12-09_PIXID____Commande___Boehringer_Ingelheim_3301___Sa_19818ff14f0f2c45.html
000211,LV2-LV2,N1 - Niveau 1 (2A / 4A),03B - 195 Equipe,Houria Gherras,2025-07-17T17:57:35.457Z,Boehringer_2025-07-17_18-00-33_PIXID____Commande___Boehringer_Ingelheim_3301___Le_198197da608dda7a.html
000054,LV2-LV2,N2 - Niveau 2 (4B +),04B - 225,Gabrielle Humbert,2025-07-17T18:12:31.983Z,Boehringer_2025-07-17_13-39-51_Fwd__PIXID___Commande___Boehringer_Ingelheim_3301__198182f3bcae9a43.html
000646,LV2-LV2,N1 - Niveau 1 (2A / 4A),03B - 195 Equipe,Houria Gherras,2025-07-17T18:12:34.697Z,Boehringer_2025-07-17_13-40-53_Fwd__PIXID___Commande___Boehringer_Ingelheim_3301__19818302894393ee.html
000653,LV2-LV2,N1 - Niveau 1 (2A / 4A),03B - 195 Equipe,Houria Gherras,2025-07-17T18:12:36.295Z,Boehringer_2025-07-17_17-12-09_PIXID____Commande___Boehringer_Ingelheim_3301___Sa_19818ff14f0f2c45.html
000211,LV2-LV2,N1 - Niveau 1 (2A / 4A),03B - 195 Equipe,Houria Gherras,2025-07-17T18:12:37.702Z,Boehringer_2025-07-17_18-00-33_PIXID____Commande___Boehringer_Ingelheim_3301___Le_198197da608dda7a.html
000054,LV2-LV2,N2 - Niveau 2 (4B +),04B - 225,Gabrielle Humbert,2025-07-17T18:27:31.897Z,Boehringer_2025-07-17_13-39-51_Fwd__PIXID___Commande___Boehringer_Ingelheim_3301__198182f3bcae9a43.html
000646,LV2-LV2,N1 - Niveau 1 (2A / 4A),03B - 195 Equipe,Houria Gherras,2025-07-17T18:27:33.435Z,Boehringer_2025-07-17_13-40-53_Fwd__PIXID___Commande___Boehringer_Ingelheim_3301__19818302894393ee.html
000653,LV2-LV2,N1 - Niveau 1 (2A / 4A),03B - 195 Equipe,Houria Gherras,2025-07-17T18:27:35.067Z,Boehringer_2025-07-17_17-12-09_PIXID____Commande___Boehringer_Ingelheim_3301___Sa_19818ff14f0f2c45.html
000211,LV2-LV2,N1 - Niveau 1 (2A / 4A),03B - 195 Equipe,Houria Gherras,2025-07-17T18:27:36.661Z,Boehringer_2025-07-17_18-00-33_PIXID____Commande___Boehringer_Ingelheim_3301___Le_198197da608dda7a.html
000054,LV2-LV2,N2 - Niveau 2 (4B +),04B - 225,Gabrielle Humbert,2025-07-17T18:42:30.142Z,Boehringer_2025-07-17_13-39-51_Fwd__PIXID___Commande___Boehringer_Ingelheim_3301__198182f3bcae9a43.html
000646,LV2-LV2,N1 - Niveau 1 (2A / 4A),03B - 195 Equipe,Houria Gherras,2025-07-17T18:42:31.633Z,Boehringer_2025-07-17_13-40-53_Fwd__PIXID___Commande___Boehringer_Ingelheim_3301__19818302894393ee.html
000653,LV2-LV2,N1 - Niveau 1 (2A / 4A),03B - 195 Equipe,Houria Gherras,2025-07-17T18:42:33.147Z,Boehringer_2025-07-17_17-12-09_PIXID____Commande___Boehringer_Ingelheim_3301___Sa_19818ff14f0f2c45.html
000211,LV2-LV2,N1 - Niveau 1 (2A / 4A),03B - 195 Equipe,Houria Gherras,2025-07-17T18:42:34.699Z,Boehringer_2025-07-17_18-00-33_PIXID____Commande___Boehringer_Ingelheim_3301___Le_198197da608dda7a.html
000054,LV2-LV2,N2 - Niveau 2 (4B +),04B - 225,Gabrielle Humbert,2025-07-17T18:57:32.161Z,Boehringer_2025-07-17_13-39-51_Fwd__PIXID___Commande___Boehringer_Ingelheim_3301__198182f3bcae9a43.html
000646,LV2-LV2,N1 - Niveau 1 (2A / 4A),03B - 195 Equipe,Houria Gherras,2025-07-17T18:57:33.624Z,Boehringer_2025-07-17_13-40-53_Fwd__PIXID___Commande___Boehringer_Ingelheim_3301__19818302894393ee.html
000653,LV2-LV2,N1 - Niveau 1 (2A / 4A),03B - 195 Equipe,Houria Gherras,2025-07-17T18:57:35.068Z,Boehringer_2025-07-17_17-12-09_PIXID____Commande___Boehringer_Ingelheim_3301___Sa_19818ff14f0f2c45.html
000211,LV2-LV2,N1 - Niveau 1 (2A / 4A),03B - 195 Equipe,Houria Gherras,2025-07-17T18:57:36.612Z,Boehringer_2025-07-17_18-00-33_PIXID____Commande___Boehringer_Ingelheim_3301___Le_198197da608dda7a.html
000054,LV2-LV2,N2 - Niveau 2 (4B +),04B - 225,Gabrielle Humbert,2025-07-17T19:12:35.887Z,Boehringer_2025-07-17_13-39-51_Fwd__PIXID___Commande___Boehringer_Ingelheim_3301__198182f3bcae9a43.html
000646,LV2-LV2,N1 - Niveau 1 (2A / 4A),03B - 195 Equipe,Houria Gherras,2025-07-17T19:12:38.094Z,Boehringer_2025-07-17_13-40-53_Fwd__PIXID___Commande___Boehringer_Ingelheim_3301__19818302894393ee.html
000653,LV2-LV2,N1 - Niveau 1 (2A / 4A),03B - 195 Equipe,Houria Gherras,2025-07-17T19:12:40.108Z,Boehringer_2025-07-17_17-12-09_PIXID____Commande___Boehringer_Ingelheim_3301___Sa_19818ff14f0f2c45.html
000211,LV2-LV2,N1 - Niveau 1 (2A / 4A),03B - 195 Equipe,Houria Gherras,2025-07-17T19:12:42.294Z,Boehringer_2025-07-17_18-00-33_PIXID____Commande___Boehringer_Ingelheim_3301___Le_198197da608dda7a.html
000054,LV2-LV2,N2 - Niveau 2 (4B +),04B - 225,Gabrielle Humbert,2025-07-17T19:28:13.897Z,Boehringer_2025-07-17_13-39-51_Fwd__PIXID___Commande___Boehringer_Ingelheim_3301__198182f3bcae9a43.html
000646,LV2-LV2,N1 - Niveau 1 (2A / 4A),03B - 195 Equipe,Houria Gherras,2025-07-17T19:28:15.501Z,Boehringer_2025-07-17_13-40-53_Fwd__PIXID___Commande___Boehringer_Ingelheim_3301__19818302894393ee.html
000653,LV2-LV2,N1 - Niveau 1 (2A / 4A),03B - 195 Equipe,Houria Gherras,2025-07-17T19:28:17.098Z,Boehringer_2025-07-17_17-12-09_PIXID____Commande___Boehringer_Ingelheim_3301___Sa_19818ff14f0f2c45.html
000211,LV2-LV2,N1 - Niveau 1 (2A / 4A),03B - 195 Equipe,Houria Gherras,2025-07-17T19:28:18.543Z,Boehringer_2025-07-17_18-00-33_PIXID____Commande___Boehringer_Ingelheim_3301___Le_198197da608dda7a.html
000054,LV2-LV2,N2 - Niveau 2 (4B +),04B - 225,Gabrielle Humbert,2025-07-17T19:42:32.062Z,Boehringer_2025-07-17_13-39-51_Fwd__PIXID___Commande___Boehringer_Ingelheim_3301__198182f3bcae9a43.html
000646,LV2-LV2,N1 - Niveau 1 (2A / 4A),03B - 195 Equipe,Houria Gherras,2025-07-17T19:42:33.742Z,Boehringer_2025-07-17_13-40-53_Fwd__PIXID___Commande___Boehringer_Ingelheim_3301__19818302894393ee.html
000653,LV2-LV2,N1 - Niveau 1 (2A / 4A),03B - 195 Equipe,Houria Gherras,2025-07-17T19:42:36.558Z,Boehringer_2025-07-17_17-12-09_PIXID____Commande___Boehringer_Ingelheim_3301___Sa_19818ff14f0f2c45.html
000211,LV2-LV2,N1 - Niveau 1 (2A / 4A),03B - 195 Equipe,Houria Gherras,2025-07-17T19:42:38.117Z,Boehringer_2025-07-17_18-00-33_PIXID____Commande___Boehringer_Ingelheim_3301___Le_198197da608dda7a.html
000054,LV2-LV2,N2 - Niveau 2 (4B +),04B - 225,Gabrielle Humbert,2025-07-17T19:57:31.117Z,Boehringer_2025-07-17_13-39-51_Fwd__PIXID___Commande___Boehringer_Ingelheim_3301__198182f3bcae9a43.html
000646,LV2-LV2,N1 - Niveau 1 (2A / 4A),03B - 195 Equipe,Houria Gherras,2025-07-17T19:57:33.011Z,Boehringer_2025-07-17_13-40-53_Fwd__PIXID___Commande___Boehringer_Ingelheim_3301__19818302894393ee.html
000653,LV2-LV2,N1 - Niveau 1 (2A / 4A),03B - 195 Equipe,Houria Gherras,2025-07-17T19:57:34.981Z,Boehringer_2025-07-17_17-12-09_PIXID____Commande___Boehringer_Ingelheim_3301___Sa_19818ff14f0f2c45.html
000211,LV2-LV2,N1 - Niveau 1 (2A / 4A),03B - 195 Equipe,Houria Gherras,2025-07-17T19:57:36.977Z,Boehringer_2025-07-17_18-00-33_PIXID____Commande___Boehringer_Ingelheim_3301___Le_198197da608dda7a.html
000054,LV2-LV2,N2 - Niveau 2 (4B +),04B - 225,Gabrielle Humbert,2025-07-17T20:12:31.944Z,Boehringer_2025-07-17_13-39-51_Fwd__PIXID___Commande___Boehringer_Ingelheim_3301__198182f3bcae9a43.html
000646,LV2-LV2,N1 - Niveau 1 (2A / 4A),03B - 195 Equipe,Houria Gherras,2025-07-17T20:12:33.778Z,Boehringer_2025-07-17_13-40-53_Fwd__PIXID___Commande___Boehringer_Ingelheim_3301__19818302894393ee.html
000653,LV2-LV2,N1 - Niveau 1 (2A / 4A),03B - 195 Equipe,Houria Gherras,2025-07-17T20:12:35.885Z,Boehringer_2025-07-17_17-12-09_PIXID____Commande___Boehringer_Ingelheim_3301___Sa_19818ff14f0f2c45.html
000211,LV2-LV2,N1 - Niveau 1 (2A / 4A),03B - 195 Equipe,Houria Gherras,2025-07-17T20:12:37.630Z,Boehringer_2025-07-17_18-00-33_PIXID____Commande___Boehringer_Ingelheim_3301___Le_198197da608dda7a.html
000054,LV2-LV2,N2 - Niveau 2 (4B +),04B - 225,Gabrielle Humbert,2025-07-17T20:27:30.034Z,Boehringer_2025-07-17_13-39-51_Fwd__PIXID___Commande___Boehringer_Ingelheim_3301__198182f3bcae9a43.html
000646,LV2-LV2,N1 - Niveau 1 (2A / 4A),03B - 195 Equipe,Houria Gherras,2025-07-17T20:27:31.803Z,Boehringer_2025-07-17_13-40-53_Fwd__PIXID___Commande___Boehringer_Ingelheim_3301__19818302894393ee.html
000653,LV2-LV2,N1 - Niveau 1 (2A / 4A),03B - 195 Equipe,Houria Gherras,2025-07-17T20:27:33.507Z,Boehringer_2025-07-17_17-12-09_PIXID____Commande___Boehringer_Ingelheim_3301___Sa_19818ff14f0f2c45.html
000211,LV2-LV2,N1 - Niveau 1 (2A / 4A),03B - 195 Equipe,Houria Gherras,2025-07-17T20:27:35.227Z,Boehringer_2025-07-17_18-00-33_PIXID____Commande___Boehringer_Ingelheim_3301___Le_198197da608dda7a.html
000054,LV2-LV2,N2 - Niveau 2 (4B +),04B - 225,Gabrielle Humbert,2025-07-17T20:42:32.904Z,Boehringer_2025-07-17_13-39-51_Fwd__PIXID___Commande___Boehringer_Ingelheim_3301__198182f3bcae9a43.html
000646,LV2-LV2,N1 - Niveau 1 (2A / 4A),03B - 195 Equipe,Houria Gherras,2025-07-17T20:42:35.330Z,Boehringer_2025-07-17_13-40-53_Fwd__PIXID___Commande___Boehringer_Ingelheim_3301__19818302894393ee.html
000653,LV2-LV2,N1 - Niveau 1 (2A / 4A),03B - 195 Equipe,Houria Gherras,2025-07-17T20:42:36.918Z,Boehringer_2025-07-17_17-12-09_PIXID____Commande___Boehringer_Ingelheim_3301___Sa_19818ff14f0f2c45.html
000211,LV2-LV2,N1 - Niveau 1 (2A / 4A),03B - 195 Equipe,Houria Gherras,2025-07-17T20:42:38.907Z,Boehringer_2025-07-17_18-00-33_PIXID____Commande___Boehringer_Ingelheim_3301___Le_198197da608dda7a.html
000054,LV2-LV2,N2 - Niveau 2 (4B +),04B - 225,Gabrielle Humbert,2025-07-17T20:57:29.351Z,Boehringer_2025-07-17_13-39-51_Fwd__PIXID___Commande___Boehringer_Ingelheim_3301__198182f3bcae9a43.html
000646,LV2-LV2,N1 - Niveau 1 (2A / 4A),03B - 195 Equipe,Houria Gherras,2025-07-17T20:57:32.952Z,Boehringer_2025-07-17_13-40-53_Fwd__PIXID___Commande___Boehringer_Ingelheim_3301__19818302894393ee.html
000653,LV2-LV2,N1 - Niveau 1 (2A / 4A),03B - 195 Equipe,Houria Gherras,2025-07-17T20:57:34.136Z,Boehringer_2025-07-17_17-12-09_PIXID____Commande___Boehringer_Ingelheim_3301___Sa_19818ff14f0f2c45.html
000211,LV2-LV2,N1 - Niveau 1 (2A / 4A),03B - 195 Equipe,Houria Gherras,2025-07-17T20:57:35.631Z,Boehringer_2025-07-17_18-00-33_PIXID____Commande___Boehringer_Ingelheim_3301___Le_198197da608dda7a.html
000054,LV2-LV2,N2 - Niveau 2 (4B +),04B - 225,Gabrielle Humbert,2025-07-17T21:12:30.348Z,Boehringer_2025-07-17_13-39-51_Fwd__PIXID___Commande___Boehringer_Ingelheim_3301__198182f3bcae9a43.html
000646,LV2-LV2,N1 - Niveau 1 (2A / 4A),03B - 195 Equipe,Houria Gherras,2025-07-17T21:12:31.825Z,Boehringer_2025-07-17_13-40-53_Fwd__PIXID___Commande___Boehringer_Ingelheim_3301__19818302894393ee.html
000653,LV2-LV2,N1 - Niveau 1 (2A / 4A),03B - 195 Equipe,Houria Gherras,2025-07-17T21:12:33.526Z,Boehringer_2025-07-17_17-12-09_PIXID____Commande___Boehringer_Ingelheim_3301___Sa_19818ff14f0f2c45.html
000211,LV2-LV2,N1 - Niveau 1 (2A / 4A),03B - 195 Equipe,Houria Gherras,2025-07-17T21:12:34.991Z,Boehringer_2025-07-17_18-00-33_PIXID____Commande___Boehringer_Ingelheim_3301___Le_198197da608dda7a.html
